loan_ID,book_ID,branch_ID,card_No,date_Out,date_Due
1,14,18,123,2026-03-22,2026-04-05
2,27,35,146,2026-03-21,2026-04-04
3,40,52,169,2026-03-20,2026-04-03
4,53,69,192,2026-03-19,2026-04-02
5,66,86,215,2026-03-18,2026-04-01
6,79,3,238,2026-03-17,2026-03-31
7,92,20,261,2026-03-16,2026-03-30
8,5,37,284,2026-03-15,2026-03-29
9,18,54,107,2026-03-14,2026-03-28
10,31,71,130,2026-03-13,2026-03-27
11,44,88,153,2026-03-12,2026-03-26
12,57,5,176,2026-03-11,2026-03-25
13,70,22,199,2026-03-10,2026-03-24
14,83,39,222,2026-03-09,2026-03-23
15,96,56,245,2026-03-08,2026-03-22
16,9,73,268,2026-03-07,2026-03-21
17,22,90,291,2026-03-06,2026-03-20
18,35,7,114,2026-03-05,2026-03-19
19,48,24,137,2026-03-04,2026-03-18
20,61,41,160,2026-03-03,2026-03-17
21,74,58,183,2026-03-02,2026-03-16
22,87,75,206,2026-03-01,2026-03-15
23,100,92,229,2026-02-28,2026-03-14
24,13,9,252,2026-02-27,2026-03-13
25,26,26,275,2026-02-26,2026-03-12
26,39,43,298,2026-02-25,2026-03-11
27,52,60,121,2026-02-24,2026-03-10
28,65,77,144,2026-02-23,2026-03-09
29,78,94,167,2026-02-22,2026-03-08
30,91,11,190,2026-02-21,2026-03-07
31,4,28,213,2026-02-20,2026-03-06
32,17,45,236,2026-02-19,2026-03-05
33,30,62,259,2026-02-18,2026-03-04
34,43,79,282,2026-02-17,2026-03-03
35,56,96,105,2026-02-16,2026-03-02
36,69,13,128,2026-02-15,2026-03-01
37,82,30,151,2026-02-14,2026-02-28
38,95,47,174,2026-02-13,2026-02-27
39,8,64,197,2026-02-12,2026-02-26
40,21,81,220,2026-02-11,2026-02-25
41,34,98,243,2026-02-10,2026-02-24
42,47,15,266,2026-02-09,2026-02-23
43,60,32,289,2026-02-08,2026-02-22
44,73,49,112,2026-02-07,2026-02-21
45,86,66,135,2026-03-23,2026-04-06
46,99,83,158,2026-03-22,2026-04-05
47,12,100,181,2026-03-21,2026-04-04
48,25,17,204,2026-03-20,2026-04-03
49,38,34,227,2026-03-19,2026-04-02
50,51,51,250,2026-03-18,2026-04-01
51,64,68,273,2026-03-17,2026-03-31
52,77,85,296,2026-03-16,2026-03-30
53,90,2,119,2026-03-15,2026-03-29
54,3,19,142,2026-03-14,2026-03-28
55,16,36,165,2026-03-13,2026-03-27
56,29,53,188,2026-03-12,2026-03-26
57,42,70,211,2026-03-11,2026-03-25
58,55,87,234,2026-03-10,2026-03-24
59,68,4,257,2026-03-09,2026-03-23
60,81,21,280,2026-03-08,2026-03-22
61,94,38,103,2026-03-07,2026-03-21
62,7,55,126,2026-03-06,2026-03-20
63,20,72,149,2026-03-05,2026-03-19
64,33,89,172,2026-03-04,2026-03-18
65,46,6,195,2026-03-03,2026-03-17
66,59,23,218,2026-03-02,2026-03-16
67,72,40,241,2026-03-01,2026-03-15
68,85,57,264,2026-02-28,2026-03-14
69,98,74,287,2026-02-27,2026-03-13
70,11,91,110,2026-02-26,2026-03-12
71,24,8,133,2026-02-25,2026-03-11
72,37,25,156,2026-02-24,2026-03-10
73,50,42,179,2026-02-23,2026-03-09
74,63,59,202,2026-02-22,2026-03-08
75,76,76,225,2026-02-21,2026-03-07
76,89,93,248,2026-02-20,2026-03-06
77,2,10,271,2026-02-19,2026-03-05
78,15,27,294,2026-02-18,2026-03-04
79,28,44,117,2026-02-17,2026-03-03
80,41,61,140,2026-02-16,2026-03-02
81,54,78,163,2026-02-15,2026-03-01
82,67,95,186,2026-02-14,2026-02-28
83,80,12,209,2026-02-13,2026-02-27
84,93,29,232,2026-02-12,2026-02-26
85,6,46,255,2026-02-11,2026-02-25
86,19,63,278,2026-02-10,2026-02-24
87,32,80,101,2026-02-09,2026-02-23
88,45,97,124,2026-02-08,2026-02-22
89,58,14,147,2026-02-07,2026-02-21
90,71,31,170,2026-03-23,2026-04-06
91,84,48,193,2026-03-22,2026-04-05
92,97,65,216,2026-03-21,2026-04-04
93,10,82,239,2026-03-20,2026-04-03
94,23,99,262,2026-03-19,2026-04-02
95,36,16,285,2026-03-18,2026-04-01
96,49,33,108,2026-03-17,2026-03-31
97,62,50,131,2026-03-16,2026-03-30
98,75,67,154,2026-03-15,2026-03-29
99,88,84,177,2026-03-14,2026-03-28
100,1,1,200,2026-03-13,2026-03-27
